unit_id,amplitude_cutoff,firing_range,firing_rate,isi_violations_ratio,rp_contamination,rp_violations,sd_ratio,snr,silhouette,mad_ratio,quality_label
26,0.01684562372289895,0.8,0.17784265633371676,0.0,0.0,0,1.057312044768111,3.6161852,,0.9823279,0.0
29,0.002158464260547882,0.4,0.06997088118047873,0.0,0.0,0,2.619702409652171,5.599004,,2.007412,0.0
40,0.00435150419568226,4.0,1.0034018724839484,0.16087323018836952,0.2807084670073674,1,3.255517936640319,3.0859432,0.03338832317000666,2.445883,0.0
41,0.004088752522675968,1.6,0.32458714325388743,0.0,0.0,0,2.067590238807684,2.0729208,0.053210944136198216,1.8599074,0.0
42,0.00017790010049096913,3.2,0.8445096631366114,0.22710377323511147,0.43547481872403093,1,1.000547079711217,3.8890371,0.11683506921475546,0.8703335,1.0
45,0.0002859476768601444,1.8,0.43974755186342535,0.0,0.0,0,0.9425091396062316,3.7768617,0.1788502509314787,0.7788836,0.0
48,0.012768623718085513,1.0,0.2361517239841157,0.0,0.0,0,1.0121984296655995,12.894915,0.12639356455185502,0.5930398,1.0
53,0.046165730578409184,1.2,0.25655989766175535,0.0,0.0,0,0.9883118216761372,18.144396,0.18808280539232247,0.54119766,1.0
54,0.01267607192060318,2.2,0.5549079604729633,0.5260071969476231,1.0,1,1.0866109459509643,6.7303944,0.12634371704201935,0.8151715,1.0
55,0.14405323104514095,0.8,0.13459676449300423,0.0,0.0,0,2.320678315102559,12.773884,0.04702731292277237,1.0515331,0.0
56,0.0029910404053669778,0.8,0.1350826733900909,0.0,0.0,0,1.9071274543584675,3.4361806,0.035336695361308484,1.8865079,0.0
58,0.0009753612693781087,1.8,0.46890208568862485,0.0,0.0,0,1.0866219744703718,3.0061016,0.09411309883642682,0.9605283,1.0
60,0.00468475902695208,2.2,0.47570481024783806,1.4314906186191951,1.0,2,3.258444022498038,1.5957341,0.08035843995869035,1.8059617,0.0
61,0.008705673344486279,3.8,0.9562687094665426,0.0,0.0,0,1.0718758821488334,4.1710525,0.0378414927140325,0.90204334,1.0
66,0.006782052693157536,0.9,0.17006811398033025,0.0,0.0,0,3.0912058984988486,8.971989,0.24480271193922956,1.4147378,0.0
71,0.005837380603108782,1.0,0.19339174104048984,0.0,0.0,0,1.0084837906000852,1.8607055,0.06599990995215237,0.9464086,0.0
76,0.020247116831445686,0.6,0.10787177515323805,0.0,0.0,0,2.7928977538712476,31.687532,0.2979149727363122,0.6290782,1.0
77,0.0001638081141991734,3.4,0.7832851421036925,0.0,0.0,0,2.261000652838872,1.7875842,0.03244081913658525,1.9538958,0.0
81,0.0013353976227395792,6.2,1.6180766272985707,0.12372726780834889,0.20701942232173598,2,1.447718550072213,2.603412,0.055695312032716215,1.3223399,0.0
83,0.005906416447210808,1.0,0.23809535957246236,0.0,0.0,0,1.0369136768264318,13.392391,0.04634680514796262,0.61290467,1.0
84,0.00014737044115421065,3.2,0.8532560232841712,0.44494349992995064,1.0,2,1.5030311586733844,3.104847,0.05710430615687343,1.1492163,1.0
85,0.005299848173516904,3.2,0.7147719876144737,0.3170286772456941,0.778834975045968,1,7.571552211674899,6.829531,0.07352463261998926,6.4136214,0.0
86,0.08330086745253898,0.8,0.15063175809686394,0.0,0.0,0,1.5509634832609582,10.41814,0.2901662743958903,0.92710674,0.0
90,0.014429203563514842,1.2,0.23906717736663566,0.0,0.0,0,12.105321271826721,12.243533,0.06988472450806796,8.2062645,0.0
96,0.011121633983500346,1.6,0.35374167707908694,0.0,0.0,0,1.6976079042152863,4.810128,0.05943424245070496,1.184257,1.0
102,0.002173079860889853,7.6,1.931487865919465,0.08683196392547762,0.06739501710971774,1,5.542660612144888,4.172428,0.0491355355157596,3.9680815,0.0
104,0.001740904762349313,1.8,0.40427620237609935,0.0,0.0,0,1.6839441886846445,1.6048086,0.060333423705605,1.6283695,0.0
105,0.048984837691754476,0.9,0.1797862919220634,0.0,0.0,0,23.25522837708441,20.879454,0.06390457247659703,13.001216,0.0
108,0.011074998830279029,2.0,0.47910617252744464,0.0,0.0,0,1.410420471531758,3.1021793,0.036355002437836244,1.1174312,1.0
109,0.003908801286902564,2.2,0.5247816088535905,0.0,0.0,0,1.2845030331266567,6.813845,0.09698008568982638,0.938257,1.0
110,0.013980632974954922,0.8,0.12973767552213764,0.0,0.0,0,1.2235376262545725,1.2764652,0.07883397606982886,1.0914346,0.0
113,0.21793072999039,2.5,0.6593783733465947,0.0,0.0,0,4.309399521639689,19.17803,0.20510811000263596,1.714912,0.0
116,0.014089561460691714,1.0,0.19096219655505653,0.0,0.0,0,1.4597731755795211,8.093123,0.06575639214943078,0.9676806,1.0
117,0.00020852743979807843,2.2,0.6030129412845424,0.0,0.0,0,1.013104225512365,21.399893,0.18094063299100144,0.47472426,1.0
120,0.013188306433392865,1.6,0.36054440163830015,0.0,0.0,0,2.322629349108549,9.200896,0.10055341608050526,1.630915,0.0
121,0.01836250708865786,1.8,0.4275998294362589,0.0,0.0,0,2.9614756524252956,10.730375,0.09370273676398341,1.5776377,1.0
122,0.0022272858167957633,1.6,0.3955298422285395,1.0353211459169689,1.0,1,0.960666293263331,13.460058,0.08153196934146274,0.5427529,1.0
126,0.010093889254664168,0.8,0.14868812250851732,0.0,0.0,0,2.9651089020238226,7.63415,0.09115811514221828,1.8166368,0.0
127,0.004162853752798833,2.0,0.440233460760512,0.0,0.0,0,4.481665716118671,3.0955021,0.05424894924557807,3.5713851,0.0
128,0.0016265545179350025,3.1,0.7536446993814063,0.2851676774327912,0.619872432331426,1,1.1586913104494188,2.959481,0.05000033948230304,1.1107664,0.0
130,0.0015258408886499298,1.6,0.3595725838441268,0.0,0.0,0,3.714980835772955,9.6984005,0.10676414885685943,2.7017372,0.0
135,0.0010059000339508154,1.4,0.33236168560727397,0.0,0.0,0,1.0720695668235523,25.600435,0.21023597624952664,0.44766814,1.0
140,0.0026016021365495444,1.6,0.3367348656810539,0.0,0.0,0,1.9164893184235785,15.6201935,0.17476717472285133,0.59567136,0.0
142,7.669902845616313e-05,6.0,1.6394566187703836,0.06026063969776199,0.09489333175215531,1,1.0264713603463291,7.528785,0.02253831719644811,0.79032403,1.0
143,0.002700597049618464,1.4,0.32555896104806076,0.0,0.0,0,1.0221501415194119,5.768585,0.02275947973598317,0.85485595,1.0
146,0.01740761302596057,0.6,0.11370268191827794,0.0,0.0,0,1.4603145627141514,8.350979,0.027890623916760178,0.8418069,1.0
149,0.002995273795998506,1.0,0.1763849296424568,0.0,0.0,0,1.3105285689341424,6.04682,0.04856656379182658,0.9227914,0.0
152,0.0038251424051836164,1.0,0.1890185609667099,0.0,0.0,0,0.9986324030795539,5.2150116,0.06260415582752692,0.7992712,1.0
157,0.0077234508359433985,1.4,0.2696794378830951,6.68127246165084,1.0,3,16.240154982004828,3.0426705,0.04248861505483204,5.3435764,0.0
158,0.0020619908815308658,1.8,0.41302256252365915,0.0,0.0,0,4.10216065925792,2.794858,0.06804865414186526,3.0204017,0.0
160,0.001245793034741048,3.4,0.8654037457113376,0.2162698879336789,0.40738685789212936,1,1.877934592956609,9.80418,0.1319896518151895,0.822301,1.0
162,0.04049481988988286,1.8,0.40427620237609935,0.0,0.0,0,1.9234267916014198,39.55961,0.19704117191083403,0.33735475,1.0
165,0.05580871609817239,1.6,0.36831894399168663,0.0,0.0,0,3.243085467315446,14.379815,0.40245984725407596,1.222689,0.0
166,0.000496151678183509,3.0,0.8309042140181849,0.0,0.0,0,1.0116596043907247,3.4627192,0.1520482910029438,0.8571719,1.0
172,0.0006548630821183131,3.4,0.8887273727714973,0.20506733296644397,0.0,0,1.053184635633664,3.1072323,0.06783577380267587,0.9161049,1.0
183,0.10863614990597277,0.8,0.13654040008135085,0.0,0.0,0,33.41781260385358,27.983923,0.11080349065612603,11.25155,0.0
189,0.36667284284279994,2.5,0.6044706679758024,0.0,0.0,0,8.298493272712845,11.635308,0.08221379003704599,5.8681355,0.0
193,0.011680658839030352,0.6,0.11807586199205786,0.0,0.0,0,3.5013060484245457,25.105537,0.40686634330819843,1.4140732,0.0
197,0.0002824306410385714,6.8,1.7065120465683423,1.0567408123336328,1.0,18,1.542303461428161,2.3139496,0.014158019211511086,1.3677353,0.0
198,0.0003860341124105125,2.5,0.6452870153310817,0.0,0.0,0,1.1457188364158153,4.086119,0.02127006598355494,1.1373886,1.0
199,0.0003932865836131943,1.4,0.31972805428302087,0.0,0.0,0,1.47423927888964,17.261848,0.19971444817153924,0.6270298,1.0
201,0.013868332096992406,0.6,0.09135087265229168,0.0,0.0,0,1.3502621656472338,4.9058714,0.057746217566437365,1.1794713,0.0
202,0.013450445026873923,0.9,0.18658901648127663,0.0,0.0,0,1.0100976694717378,2.9032433,0.01823096758907508,0.9149487,0.0
207,0.04655211489752602,2.4,0.6098156658437556,1.7421936794654054,1.0,1,4.426382812896243,19.64654,0.27290945180833787,1.3185618,0.0
211,0.5,0.6,0.1360544911842642,0.0,0.0,0,6.492676835177521,25.272741,0.3113938589459043,3.2718053,0.0
213,0.16061330988178027,2.2,0.5471334181195767,0.0,0.0,0,7.975764432334982,31.65844,0.19116281067156468,2.1192944,1.0
214,0.0025475109433256518,2.4,0.5962102167253291,0.0,0.0,0,1.1212965651040727,21.457752,0.21354365087221303,0.46207574,1.0
221,0.27172939797371115,3.0,0.7366378879833733,0.0,0.0,0,7.803309983349925,14.950971,0.128746272010575,4.7931247,0.0
223,0.015844615367481836,1.4,0.31972805428302087,1.5844265343077024,1.0,1,7.388696366799777,4.1233425,0.029286074387505547,5.895251,0.0
227,0.1343075039384906,1.4,0.3483966792111337,0.0,0.0,0,5.189713718202029,13.90351,0.31149680685939735,2.933413,0.0
231,0.004892378674701322,1.6,0.39844529561105946,0.0,0.0,0,1.1618362382376828,3.1580746,0.050478049564922856,0.97960246,1.0
239,0.0003938855092052137,1.4,0.3192421453859342,0.0,0.0,0,1.664979420353482,2.142977,0.03681529301470536,1.266178,0.0
240,0.0020402265445061147,2.3,0.5777456786360362,0.0,0.0,0,1.0723392882874936,2.686612,0.024628266586879173,0.95918167,1.0
241,0.0021943621912494026,1.2,0.2837707958986082,0.0,0.0,0,2.0579995810125227,5.900227,0.023190324082471812,0.9769698,1.0
247,0.010569449693340791,2.0,0.46647254120319154,0.0,0.0,0,0.9808351648422001,7.742755,0.03835465175348268,0.73247313,1.0
249,0.0943478851327135,1.4,0.29203124714908135,0.0,0.0,0,9.713340897885937,19.25109,0.059262479546897055,4.4461718,0.0
250,0.0018610939399777307,4.8,1.2089413359516048,0.1108212749170294,0.18297112948873595,1,2.0887563525080934,2.2828052,0.03863148515073005,1.4153496,0.0
252,0.0014738077383498595,2.2,0.5364434223836703,0.0,0.0,0,1.0175033045654835,20.092602,0.14685085904446443,0.50595033,1.0
254,0.007917471227922903,2.0,0.4625852700264983,0.0,0.0,0,1.8749582426519347,7.287662,0.04723572618100855,1.2605257,1.0
262,0.00021977029854063315,3.4,0.9091355464491369,1.9596401059120316,1.0,9,1.459872542982171,4.130804,0.06273602283473173,1.0953557,1.0
263,0.4978977679640888,0.6,0.11224495522701797,0.0,0.0,0,8.959283002177475,21.842525,0.17104349026543395,4.382424,0.0
264,0.0004335994607826449,9.0,2.3741508711654102,0.2298830528015839,0.19057092911260953,4,4.536279750637187,5.2993,0.03869059331392228,3.8018928,0.0
269,0.0030727322671274273,1.2999999999999998,0.2896017026636481,0.0,0.0,0,1.2631591221251757,7.107443,0.10583494295458162,0.8797855,1.0
270,0.0005601355214061853,1.0,0.22448991045403593,0.0,0.0,0,1.0849927564188933,2.175358,0.035594268094361614,0.9928177,0.0
277,0.0031791797545956597,0.8,0.17444129405411016,0.0,0.0,0,1.1640730915221817,5.575457,0.05200593237233958,0.9374748,0.0
280,0.005786351139522932,2.0,0.5330420601040636,0.0,0.0,0,1.0087871204285264,13.71861,0.13676704497226802,0.5711638,1.0
281,0.004901755530246932,2.2,0.4839652614983112,1.3830415033628491,1.0,2,1.9861380954674503,2.0510004,0.020507688715086174,1.3588339,0.0
283,0.00012097866700768291,7.0,1.928572412536945,0.08709469286440817,0.14051415287581637,2,5.394164234472136,5.857877,0.03704382045236484,4.4691257,0.0
284,0.0004929176914097413,1.2,0.25510217097049537,0.0,0.0,0,2.21682532357292,39.323406,0.2304235993336508,0.36024186,1.0
286,0.0010038230617169042,0.6,0.12536449544835773,0.0,0.0,0,0.9838840360536755,12.85614,0.03589030466337091,0.66096133,1.0
289,0.40540449649304705,2.4,0.5670556829001298,0.5037118663855865,1.0,1,6.094785992369772,14.905445,0.15211653013135612,3.6564565,0.0
291,0.024626102521930107,0.8,0.12876585772796434,0.0,0.0,0,1.3258404054491721,2.348422,0.015411759625234923,1.0858698,0.0
292,0.0013194408063990056,1.4,0.3007776072966412,0.0,0.0,0,0.9097805022240704,5.275679,0.01282918640915464,0.80744314,1.0
296,0.00022921392560770092,2.2,0.5485911448108367,0.0,0.0,0,0.9300784875931738,4.941862,0.020252332672986057,0.8092252,1.0
297,0.09529574032787091,1.2,0.28182716031026156,0.0,0.0,0,2.787119850762727,23.570744,0.40448595125209774,0.85842913,1.0
299,0.0005605791572176755,1.0,0.22448991045403593,0.0,0.0,0,1.0380201991373201,10.2577715,0.03385678933474623,0.69105166,1.0
300,0.0028154585585552136,3.5,0.883382374903544,0.207556403330102,0.0,0,1.3750279911355292,3.9880078,0.010952244002325341,1.1813282,0.0
302,0.10753121939179479,1.4,0.3236153254597141,0.0,0.0,0,7.863697843995785,23.033941,0.36152350844648085,2.8742795,0.0
304,0.2874560185730541,0.8,0.1579203915531638,0.0,0.0,0,6.189657163079135,14.484739,0.3659701580534848,3.0305855,0.0
307,0.00036863549362214725,1.4,0.34110804575483383,0.0,0.0,0,1.238218265719166,27.333681,0.05483301900656441,0.44442973,1.0
308,0.006914632012776365,1.5,0.31195351192963433,1.6643851719218565,1.0,1,1.3911014255859564,2.3016243,0.011310161374729599,1.1487396,0.0
310,0.0768538065956649,1.4,0.3066085140616811,0.0,0.0,0,3.959065858717811,15.269314,0.31731029717634274,1.867305,0.0
315,0.0011859683574901862,2.3,0.5257534266477638,0.0,0.0,0,1.9508864332574742,1.754628,0.04807743128262214,1.2835472,0.0
316,0.1898775964812834,1.4,0.3367348656810539,0.0,0.0,0,5.952950136526722,24.443947,0.05633133663583005,1.9877657,1.0
318,0.0003289632443234666,1.7000000000000002,0.3882412087722396,0.0,0.0,0,0.9518229796718247,6.870968,0.08951318002894897,0.7598194,1.0
319,0.003872604030351881,2.8,0.6899906338630541,0.0,0.0,0,5.44993565625115,6.8875113,0.16366411774491496,4.1225076,0.0
321,0.001129745016091766,0.8,0.17930038302497675,0.0,0.0,0,0.9846038208893378,19.953537,0.20173997536464133,0.45494103,1.0
323,0.0031826921140017277,2.0,0.517007066500204,0.0,0.0,0,1.333055438990047,13.540655,0.09902676936744098,0.66989315,1.0
325,0.016810801846061978,1.0,0.23566581508702905,0.0,0.0,0,2.136706723054642,9.069175,0.07114746071553789,0.9305027,1.0
328,0.0035340335843919188,2.0,0.4820216259099646,0.6971087754454994,0.0,0,1.361155187518856,5.060107,0.046315204046369254,0.9560251,1.0
333,0.034719806319357595,1.4,0.30709442295876777,0.0,0.0,0,2.0366424449973266,17.988409,0.3428898290670445,0.9713605,0.0
339,0.11960210065282181,2.8,0.6073861213583224,0.0,0.0,0,11.77026238428569,1.2951702,0.03644653894378416,4.164039,0.0
341,0.00020522029716134768,2.7,0.6127311192262755,0.0,0.0,0,1.6164866545296916,2.1391919,0.009860401729658241,1.608488,0.0
342,0.03412603066617531,1.0,0.2089408257472629,0.0,0.0,0,0.9346065259511608,2.4029098,0.032021751990045075,0.92528164,1.0
345,0.010975670215432144,1.6,0.3435375902402671,0.0,0.0,0,1.0909003438765845,24.818848,0.11111540613348664,0.43752387,1.0
346,0.004344977734854767,1.8,0.3896989354634996,0.0,0.0,0,1.149990075566847,4.156677,0.03020133964665709,0.9347407,0.0
348,0.0057874627752371515,2.0,0.4640429967177582,0.0,0.0,0,7.365549234888763,3.145764,0.012523648302501982,4.19816,0.0
350,0.018467739254491515,2.8,0.6793006381271477,0.0,0.0,0,8.111935892531113,4.382534,0.017830863925423733,5.3805747,0.0
358,0.0014583141318502064,1.6,0.38483984649263303,0.0,0.0,0,1.6866063787855334,7.4868636,0.07389740923874498,0.9251884,1.0
365,0.029287686516622592,1.0,0.17249765846576354,0.0,0.0,0,8.361604705453066,1.9132613,0.020284964671868754,4.2034535,0.0
368,0.020503690605011417,1.0,0.20602537236474294,0.0,0.0,0,25.845645668619685,19.297195,0.02049483203700068,12.8386965,0.0
371,0.01202441911045109,1.0,0.22060263927734267,0.0,0.0,0,4.389066422012533,5.0389266,0.046201492340388645,2.5722454,0.0
374,9.980048514681911e-05,4.8,1.2599617701457038,0.10202787950412047,0.16698357669993158,1,1.3721211281955292,3.073487,0.03210601593868277,1.1560444,0.0
380,0.00809378887816108,0.8,0.15403312037647054,0.0,0.0,0,1.3095617657074365,4.3911996,0.030464151787038537,1.0517853,0.0
381,0.004552941223305917,1.4,0.2803694336190016,0.0,0.0,0,6.181681599233624,8.825114,0.05922146878760414,4.434357,0.0
384,0.0003121624323473826,1.8,0.40281847568483936,0.0,0.0,0,4.006364684110315,1.72804,0.05914018655065685,2.1708033,0.0
385,0.0014433866916586631,1.6,0.3882412087722396,0.0,0.0,0,1.0605093921169282,4.604473,0.046489287215691545,0.8894541,1.0
386,0.0036413475196715797,0.8,0.15840630045025045,0.0,0.0,0,1.4607220496640412,7.0834155,0.10154565169942918,1.0301889,0.0
389,0.016335868366939413,2.6,0.6700683690825012,0.0,0.0,0,1.172133158599748,3.857629,0.1901440751146879,1.0326556,1.0
390,0.0012772102458793774,1.6,0.35811485715286684,0.0,0.0,0,1.0433657485454706,2.354704,0.025854651691456988,0.97927946,0.0
391,0.5,0.6,0.08940723706394504,0.0,0.0,0,17.662376247266984,86.417595,0.37677049857358785,2.1681752,1.0
393,0.016727256499852804,2.8,0.678814729230061,0.0,0.0,0,8.960429535373274,3.3382275,0.008770819276954256,5.1468863,0.0
396,0.0022066268593349246,1.0,0.21720127699773606,0.0,0.0,0,1.5319840993460152,3.3446007,0.029900644612675685,1.4971992,0.0
398,0.010261124347273106,2.4,0.5903793099602893,0.4646985723720978,1.0,1,8.216639586754455,4.5723276,0.020757034306564854,5.973555,0.0
399,0.006844489388789266,1.6,0.3697766706829466,0.0,0.0,0,2.3161014908105853,12.43089,0.11827924817296609,1.0293125,1.0
400,0.0007544324707008133,1.6,0.3435375902402671,0.0,0.0,0,1.486644177982216,2.7382433,0.018133127697199925,1.3075776,0.0
401,0.01609738989554075,0.8,0.16180766272985705,0.0,0.0,0,1.1636913625031111,7.158094,0.3306087954644469,0.7623329,1.0
402,0.5,0.6,0.09961132390276486,32.64721713265913,1.0,2,18.33951049271367,71.21623,0.3402683484899117,3.4299748,1.0
405,0.0007937668729257519,1.0,0.20699719015891624,0.0,0.0,0,1.2922199574442659,1.1055605,0.0769009316428652,1.1317331,0.0
408,0.004170155038389702,0.6,0.11904767978623118,0.0,0.0,0,4.048802599753774,9.804899,0.3062465631296095,2.3544314,0.0
410,0.0011795082052447248,1.0,0.221574457071516,0.0,0.0,0,1.0180009002237613,31.74176,0.2673639491669907,0.3964627,1.0
411,0.0010434779769061507,0.6,0.12050540647749115,0.0,0.0,0,2.1219925814717335,7.5473037,0.1906665542996951,0.91547537,1.0
413,0.004872991795832869,2.6,0.6841597270980143,0.0,0.0,0,1.2632642821908389,7.577754,0.05247764960819256,0.9086006,1.0
420,0.11764634637805017,0.6,0.1336249466988309,0.0,0.0,0,8.3907354297135,44.61288,0.2306361242703418,2.556502,0.0
424,0.004673131992493718,0.8,0.15063175809686394,0.0,0.0,0,1.3034429145232145,7.5063696,0.1712332809104925,0.8173815,1.0
426,0.0051957870313477554,2.2,0.5403306935603636,0.0,0.0,0,1.0419507471859022,6.9752784,0.187231599522385,0.6612622,1.0
429,0.016307641667799255,0.8,0.15646266486190383,0.0,0.0,0,8.719962311571432,1.679022,0.09567395874612883,3.9293716,0.0
432,0.0006636369274536519,4.4,1.1977654313186117,0.22579797489395143,0.4320157789884074,2,1.465598022799254,3.9150772,0.1634070413789582,1.1508331,1.0
435,0.004234276215579844,1.6,0.36394576391790673,0.0,0.0,0,1.0519639323232122,6.583671,0.23539787913470786,0.84021884,1.0
438,0.008527027173768754,3.6,0.9650150696141025,0.0,0.0,0,1.094358824360351,3.2514048,0.08883996434821487,0.9844252,1.0
440,0.002681985339411323,0.8,0.1603499360385971,0.0,0.0,0,1.2954901116130246,0.4606971,0.07488859938471798,1.1276579,0.0
442,0.08784589313184643,0.8,0.14139948905221744,0.0,0.0,0,11.23188895253056,1.4850868,0.0982650516491796,4.12183,0.0
445,0.005664182397532143,1.4,0.29008761156073476,0.0,0.0,0,3.5252176346956006,0.2527031,0.033883142904040014,1.3430604,0.0
446,0.0075527007660405,0.9,0.17346947625993686,0.0,0.0,0,2.549733668758478,1.639426,0.04985183564752156,1.8918391,0.0
448,0.006323429706302538,0.5,0.09037905485811835,0.0,0.0,0,2.615176856338365,2.120264,0.2038100173264275,2.4641678,0.0
449,0.000721226873720648,1.2,0.24489808413167555,0.0,0.0,0,2.8040908076325386,6.4928646,0.039019972983755154,2.553112,0.0
450,0.003590954985695532,1.0,0.17930038302497675,0.0,0.0,0,2.7059178163527062,3.313218,0.04366196854337907,2.451596,0.0
451,0.0014484734017224579,5.0,1.4105935282425677,0.0,0.0,0,1.0261776222971593,5.7619567,0.07639921795567137,0.8498966,1.0
452,0.00022251520948467438,4.8,1.2988344819126365,0.0,0.0,0,0.9685588373162229,1.5957996,0.16278058637333737,0.9379075,1.0
453,0.017031826532084824,1.4,0.3367348656810539,0.0,0.0,0,1.3910505699274214,8.1411705,0.31207015357385287,0.9874745,1.0
455,0.0006448386944840511,2.0,0.5626825028263498,0.0,0.0,0,2.0753788254162586,3.8408067,0.10291978125912045,1.9319354,1.0
458,0.06856219348713946,0.6,0.1175899530949712,0.0,0.0,0,1.713689845586052,2.4889526,0.1390245041659433,1.5208205,0.0
459,0.0014903568487480221,3.0,0.8415942097540914,0.2286799658913323,0.43967857231228147,1,3.1752624848957502,2.4975405,0.15369030132951855,1.5871464,1.0
460,0.013105509833951789,0.8,0.18027220081915007,4.983977521232772,1.0,1,1.3322272183412978,2.1773634,0.20278181224585112,1.171752,1.0
461,0.020457503291303684,0.6,0.12244904206583777,0.0,0.0,0,1.2888139910375207,7.064843,0.20202970100544912,1.0005261,0.0
462,0.01611735490883491,0.6,0.11661813530079788,0.0,0.0,0,1.446418802313709,4.1894727,0.2237592737102005,1.2282403,1.0
463,0.011781986568966146,0.8,0.1554908470677305,0.0,0.0,0,1.1663909780323252,7.2076845,0.19970614018769767,0.9677583,0.0
465,0.025383623945489292,1.6,0.36345985502082007,1.2260853362978636,1.0,1,1.7051773516839148,8.193528,0.08160083273438261,1.2537118,1.0
466,0.025519608011937246,0.6,0.10495632177071809,0.0,0.0,0,1.8757542015523363,6.210529,0.27548196091251725,1.0865917,1.0
469,0.009638671779727102,0.8,0.16618084280363699,0.0,0.0,0,1.6130893595871274,3.946586,0.07284575513974298,1.3912468,0.0
470,0.0018252333216134634,1.0,0.20796900795308956,0.0,0.0,0,3.2106605655660543,1.134499,0.1330991380323665,2.933775,0.0
471,0.00021247879518069732,5.699999999999999,1.5136062144249391,0.14139621620646745,0.0,0,2.5130004438671625,4.4478374,0.026371680999699294,2.0570762,0.0
472,0.0007394772473194074,1.6,0.37074848847711994,0.0,0.0,0,1.4513342970854304,5.013978,0.20428367028034147,1.1388963,1.0
473,0.0020253707923189217,1.0,0.22983490832198916,0.0,0.0,0,2.007485728798688,5.504014,0.16776852485054994,1.478041,1.0
475,0.018367449660160826,0.6,0.12293495096292444,21.4344748394757,1.0,2,1.9446261032854555,1.7584467,0.23054270881859565,1.794904,0.0
477,0.07559346904317252,2.6,0.6904765427601408,0.0,0.0,0,2.6099651511266653,11.931729,0.22952001078212986,1.3575743,1.0
478,0.0031718537071607393,4.0,1.0830909316061603,0.5522856364803366,1.0,4,1.2669030803895067,2.9660866,0.15225210287405022,1.1472089,1.0
479,0.0025448200539723424,2.0,0.5466475092224901,0.0,0.0,0,1.0137237279475166,5.6214666,0.20454258769042058,0.8422375,1.0
482,0.03340359731289262,0.6,0.09280859934355165,0.0,0.0,0,2.1896253300648696,0.61103505,0.10314634271895723,1.1725918,0.0
483,0.0030482050133529104,1.6,0.3688048528887733,0.0,0.0,0,0.9875792794325529,0.8968195,0.05965335791950619,0.94869125,0.0
484,0.0030429613574800905,1.4,0.31875623648884754,0.0,0.0,0,3.3350452864873903,2.6030474,0.011081099937659109,3.1730397,0.0
485,0.002567876353125459,3.4,0.8994173685074037,0.0,0.0,0,1.0840979469172984,3.7794614,0.047227780514632785,0.9527827,1.0
487,0.001109113373786116,3.2,0.8867837371831506,0.0,0.0,0,0.990004905966674,8.385794,0.090578463567607,0.84650695,1.0
490,0.003261173786912385,2.6,0.6384842907718684,0.0,0.0,0,1.8378641407472274,0.22902171,0.0357829706803975,1.0363384,0.0
